id,location_id,date,pm,temp,dew_point,humidity,pressure,wind_speed,precipitation,wind_direction,fetched_at
147,1,2026-02-20,20.34,23.4,19.8,82,970,3.9,10.7,286,2026-03-10T00:19:59.223Z
148,1,2026-02-21,20.07,24,18.2,74,965.2,4.6,0,277,2026-03-10T00:19:59.223Z
149,1,2026-02-22,21.87,24.1,17.9,70,963.1,4.6,0.6,288,2026-03-10T00:19:59.223Z
150,1,2026-02-23,24.16,24.4,18.6,72,963.4,3.4,0,268,2026-03-10T00:19:59.223Z
151,1,2026-02-24,25.88,22.6,19.5,83,965.3,3.7,2.1,316,2026-03-10T00:19:59.223Z
152,1,2026-02-25,17.73,19.8,18.3,91,967.5,4.9,20.5,353,2026-03-10T00:19:59.223Z
153,1,2026-02-26,9.68,21.3,17.2,79,964.8,2.3,0.6,359,2026-03-10T00:19:59.223Z
154,1,2026-02-27,12.83,22.6,17.4,75,961.8,3.2,0.3,280,2026-03-10T00:19:59.223Z
155,1,2026-02-28,20.39,23.6,15.4,64,960.7,5.6,0,246,2026-03-10T00:19:59.223Z
156,1,2026-03-01,25.05,23.2,13.9,59,961.7,4.7,0,287,2026-03-10T00:19:59.223Z
157,1,2026-03-02,24.93,22.4,13.4,62,963.6,4.1,0,296,2026-03-10T00:19:59.223Z
158,1,2026-03-03,41.45,22,13.4,61,964.6,3.7,0,325,2026-03-10T00:19:59.223Z
159,1,2026-03-04,50.96,23.6,13.7,57,964.7,2.7,0,16,2026-03-10T00:19:59.223Z
160,1,2026-03-05,63.63,23.7,15.3,59,964.6,3.7,0,56,2026-03-10T00:19:59.223Z
161,1,2026-03-06,53.12,24,17.3,67,966.7,4.4,0.1,189,2026-03-10T00:19:59.223Z
162,1,2026-03-07,35.45,24.6,18,69,967.2,4.3,0,212,2026-03-10T00:19:59.223Z
163,1,2026-03-08,31.32,25,17.6,66,966.9,4.4,0.2,219,2026-03-10T00:19:59.223Z
164,1,2026-03-09,40.82,24.8,18.3,69,968.5,3.8,0.1,226,2026-03-10T00:19:59.223Z
165,2,2026-02-20,14.66,25.7,19,70,985.7,2.7,0,231,2026-03-10T00:19:59.223Z
166,2,2026-02-21,14.44,24.2,19.9,79,982.2,2.6,2.4,271,2026-03-10T00:19:59.223Z
167,2,2026-02-22,13.45,24.5,19.2,74,980.5,2.6,0.1,278,2026-03-10T00:19:59.223Z
168,2,2026-02-23,12.42,24.1,19.8,78,980.4,2.8,1.2,198,2026-03-10T00:19:59.223Z
169,2,2026-02-24,10.92,23.2,19.7,81,982.3,1.5,7.2,3,2026-03-10T00:19:59.223Z
170,2,2026-02-25,7.13,20.4,19.5,94,983.9,2.5,25.4,322,2026-03-10T00:19:59.223Z
171,2,2026-02-26,6.96,23.7,18.7,76,980.7,2.3,0,213,2026-03-10T00:19:59.223Z
172,2,2026-02-27,10.01,24.4,17,67,978.4,2.3,0,204,2026-03-10T00:19:59.223Z
173,2,2026-02-28,14.15,24.5,16.2,63,978.2,3.5,0,235,2026-03-10T00:19:59.223Z
174,2,2026-03-01,15.11,23.9,14.7,60,979.4,2.5,0,242,2026-03-10T00:19:59.223Z
175,2,2026-03-02,15.39,23.6,12.9,56,981.2,1.9,0,288,2026-03-10T00:19:59.223Z
176,2,2026-03-03,17.39,24.4,12.9,52,981.5,1.9,0,122,2026-03-10T00:19:59.223Z
177,2,2026-03-04,18.54,24.8,14.9,57,981.2,2.2,0,198,2026-03-10T00:19:59.223Z
178,2,2026-03-05,21.02,25.2,16.6,61,980.4,2.2,0,303,2026-03-10T00:19:59.223Z
179,2,2026-03-06,19.44,26,17.1,61,982.1,3.3,0,231,2026-03-10T00:19:59.223Z
180,2,2026-03-07,15.12,26.1,17.9,64,983.3,2.2,0,215,2026-03-10T00:19:59.223Z
181,2,2026-03-08,14.13,26.2,17.5,62,983.4,2,0,214,2026-03-10T00:19:59.223Z
182,2,2026-03-09,14.78,26.1,15.9,57,984.1,2.7,0,125,2026-03-10T00:19:59.223Z
183,3,2026-02-20,22.44,26,17.1,59,996.2,8.3,0,81,2026-03-10T00:19:59.223Z
184,3,2026-02-21,38.43,26.4,18.2,62,990.6,6.3,0,156,2026-03-10T00:19:59.223Z
185,3,2026-02-22,59.95,27.2,20,66,988.3,6,0.5,287,2026-03-10T00:19:59.223Z
186,3,2026-02-23,76.43,27.4,20.9,70,988.6,6.6,0.6,20,2026-03-10T00:19:59.223Z
187,3,2026-02-24,52.96,27.7,21.5,70,990,5.2,0,81,2026-03-10T00:19:59.223Z
188,3,2026-02-25,33.89,26.6,21.2,74,991,5.8,0.6,81,2026-03-10T00:19:59.223Z
189,3,2026-02-26,30.7,26.4,20.4,71,988.9,7.3,0.7,304,2026-03-10T00:19:59.223Z
190,3,2026-02-27,31.23,26.6,21.9,77,987.2,6.7,1.1,101,2026-03-10T00:19:59.223Z
191,3,2026-02-28,31.04,26.6,22.1,78,987,7.1,1.9,83,2026-03-10T00:19:59.223Z
192,3,2026-03-01,43.86,27.8,21.1,70,987.2,5.2,0.1,97,2026-03-10T00:19:59.223Z
193,3,2026-03-02,51.48,28.7,19.7,62,988.1,4.6,0,269,2026-03-10T00:19:59.223Z
194,3,2026-03-03,54.64,28.1,17.3,56,988.8,6.2,0,303,2026-03-10T00:19:59.223Z
195,3,2026-03-04,46.1,26.9,18.7,62,990.5,14.7,0.2,89,2026-03-10T00:19:59.223Z
196,3,2026-03-05,24.01,24.7,18.1,68,992,12.3,0,99,2026-03-10T00:19:59.223Z
197,3,2026-03-06,23.69,24.9,18.8,71,993.6,7.9,0.1,96,2026-03-10T00:19:59.223Z
198,3,2026-03-07,19.19,25.9,18.7,66,993.9,8.7,0,100,2026-03-10T00:19:59.223Z
199,3,2026-03-08,22.94,26.2,18.8,65,993.7,8.5,0,101,2026-03-10T00:19:59.223Z
200,3,2026-03-09,29.95,26.5,18.2,62,995.3,12,0,83,2026-03-10T00:19:59.223Z
201,4,2026-02-20,12.81,26.5,17.1,59,999.9,13.6,0,33,2026-03-10T00:19:59.223Z
202,4,2026-02-21,16.5,26.6,17.6,61,995.7,6.2,0,7,2026-03-10T00:19:59.223Z
203,4,2026-02-22,43.28,28.7,18.4,56,993.1,5.1,0,197,2026-03-10T00:19:59.223Z
204,4,2026-02-23,67.02,29.7,19.2,55,993.3,7.7,0,158,2026-03-10T00:19:59.223Z
205,4,2026-02-24,73.94,28.8,21.6,66,994.7,6.2,0.9,320,2026-03-10T00:19:59.223Z
206,4,2026-02-25,61.28,28.4,22.1,70,995.3,7.6,0.8,0,2026-03-10T00:19:59.223Z
207,4,2026-02-26,52.47,28.5,22.3,72,993.5,5.4,0.8,258,2026-03-10T00:19:59.223Z
208,4,2026-02-27,34.84,26.6,22.3,79,993.1,9,7.1,157,2026-03-10T00:19:59.223Z
209,4,2026-02-28,21.71,27.6,22.5,76,992.7,8.9,0.1,184,2026-03-10T00:19:59.223Z
210,4,2026-03-01,24.36,29.1,22.2,68,992.7,8.3,1.2,203,2026-03-10T00:19:59.223Z
211,4,2026-03-02,26.42,30,21.9,64,993.8,9.9,0.2,186,2026-03-10T00:19:59.223Z
212,4,2026-03-03,24.05,29.9,21.1,63,994.2,7.3,0.2,198,2026-03-10T00:19:59.223Z
213,4,2026-03-04,24.44,27.3,22.3,76,995.4,7.6,10.3,78,2026-03-10T00:19:59.223Z
214,4,2026-03-05,17.04,24.7,20.9,81,996.3,8.7,7.7,55,2026-03-10T00:19:59.223Z
215,4,2026-03-06,11.5,25.2,20,75,997.5,9.1,0.1,25,2026-03-10T00:19:59.223Z
216,4,2026-03-07,12.7,26.3,19.1,66,998,8.7,0,37,2026-03-10T00:19:59.223Z
217,4,2026-03-08,27.71,26.3,18.7,65,998,7.9,0,40,2026-03-10T00:19:59.223Z
218,4,2026-03-09,25.38,26.6,18.4,63,998.9,14.2,0,37,2026-03-10T00:19:59.223Z
219,5,2026-02-20,21.47,28.5,19.6,61,1007.7,4.6,0,278,2026-03-10T00:19:59.223Z
220,5,2026-02-21,24.81,28.4,20.4,64,1003.5,5.9,0,180,2026-03-10T00:19:59.223Z
221,5,2026-02-22,30.44,27.7,21.3,70,1001.7,6.3,2.4,192,2026-03-10T00:19:59.223Z
222,5,2026-02-23,36.89,28.2,22,71,1001.6,6.8,1,174,2026-03-10T00:19:59.223Z
223,5,2026-02-24,31.6,27.5,22.6,76,1003.1,6.9,13.7,186,2026-03-10T00:19:59.223Z
224,5,2026-02-25,30.68,26.3,23.1,83,1004.1,5.3,4.1,335,2026-03-10T00:19:59.223Z
225,5,2026-02-26,32.67,26.8,21.8,75,1002.2,6.4,0.1,311,2026-03-10T00:19:59.223Z
226,5,2026-02-27,24.85,27.1,21.1,72,1000.4,7.9,40.8,181,2026-03-10T00:19:59.223Z
227,5,2026-02-28,22.82,28.3,22.3,71,999.9,6.1,0,179,2026-03-10T00:19:59.223Z
228,5,2026-03-01,31.55,28.3,20,63,1000.7,4.4,0,197,2026-03-10T00:19:59.223Z
229,5,2026-03-02,38.79,27.9,18.5,59,1002.1,5.7,0,330,2026-03-10T00:19:59.223Z
230,5,2026-03-03,42.25,27.2,17.3,58,1002.7,5.1,0,302,2026-03-10T00:19:59.223Z
231,5,2026-03-04,58.05,27,17.7,60,1002.5,3.6,0,283,2026-03-10T00:19:59.223Z
232,5,2026-03-05,53.49,27.4,18.5,61,1002.1,7.1,0,159,2026-03-10T00:19:59.223Z
233,5,2026-03-06,39.7,27.5,20.6,67,1004.8,6.3,0.1,88,2026-03-10T00:19:59.223Z
234,5,2026-03-07,26.25,28,20.4,65,1005.8,5.4,0,149,2026-03-10T00:19:59.223Z
235,5,2026-03-08,24.73,28.1,20.5,66,1005.4,5.2,0,164,2026-03-10T00:19:59.223Z
236,5,2026-03-09,28.13,28.6,20.6,64,1006.3,5.2,0.3,122,2026-03-10T00:19:59.223Z
237,6,2026-02-20,39.46,28.4,19.6,61,1009.3,7.5,0,52,2026-03-10T00:19:59.223Z
238,6,2026-02-21,37.15,28.5,19.6,61,1005.9,4.7,0,229,2026-03-10T00:19:59.223Z
239,6,2026-02-22,40.05,28.5,21.1,67,1004.1,8.5,0.1,271,2026-03-10T00:19:59.223Z
240,6,2026-02-23,41.24,29,21.5,67,1003.7,7.3,0,210,2026-03-10T00:19:59.223Z
241,6,2026-02-24,40.7,28.3,22.3,73,1004.9,6,18.7,185,2026-03-10T00:19:59.223Z
242,6,2026-02-25,33.02,27.4,22.5,77,1005.8,7.1,0.7,43,2026-03-10T00:19:59.223Z
243,6,2026-02-26,27.41,27.3,22.2,76,1004.6,5.6,1.6,254,2026-03-10T00:19:59.223Z
244,6,2026-02-27,20.59,28,21.6,69,1003,8.1,4.5,240,2026-03-10T00:19:59.223Z
245,6,2026-02-28,16.29,29.5,20.9,63,1002.6,8.1,0,246,2026-03-10T00:19:59.223Z
246,6,2026-03-01,21.27,29.6,19.7,58,1003.3,10.7,0,262,2026-03-10T00:19:59.223Z
247,6,2026-03-02,25.7,30,18.3,53,1004.5,10.7,0,260,2026-03-10T00:19:59.223Z
248,6,2026-03-03,32.07,29.5,16.6,50,1004.9,9.5,0,264,2026-03-10T00:19:59.223Z
249,6,2026-03-04,37.7,28.9,15.7,48,1004.9,12.4,0,251,2026-03-10T00:19:59.223Z
250,6,2026-03-05,44.63,28.6,18.4,58,1004.3,11.2,0,233,2026-03-10T00:19:59.223Z
251,6,2026-03-06,44.68,27.6,20,65,1006.6,6.5,0.6,116,2026-03-10T00:19:59.223Z
252,6,2026-03-07,32.61,28.2,21.1,68,1007.8,6.9,0,111,2026-03-10T00:19:59.223Z
253,6,2026-03-08,32.04,28.8,20.1,62,1007.3,5.2,0,132,2026-03-10T00:19:59.223Z
254,6,2026-03-09,38.49,28.9,18.8,58,1008,6.2,0,84,2026-03-10T00:19:59.223Z
255,7,2026-02-20,38.55,29.3,21.4,66,1012.3,6.4,0,70,2026-03-10T00:19:59.223Z
256,7,2026-02-21,38.05,29.6,21.8,66,1008.9,4.9,0.1,188,2026-03-10T00:19:59.223Z
257,7,2026-02-22,31.66,30,23.5,70,1007.1,6.6,1.1,204,2026-03-10T00:19:59.223Z
258,7,2026-02-23,30.65,28.8,24.5,79,1007,7.4,1,181,2026-03-10T00:19:59.223Z
259,7,2026-02-24,25.73,29,24.5,77,1008.2,8.7,4.4,183,2026-03-10T00:19:59.223Z
260,7,2026-02-25,25.41,28.7,23.9,76,1008.8,4.2,0.7,161,2026-03-10T00:19:59.223Z
261,7,2026-02-26,30.33,29,23.1,72,1007.4,6.7,1,198,2026-03-10T00:19:59.223Z
262,7,2026-02-27,27.59,29.8,22.9,69,1006.1,5.4,0.7,203,2026-03-10T00:19:59.223Z
263,7,2026-02-28,17.77,29.9,23.2,69,1005.9,7.7,1,180,2026-03-10T00:19:59.223Z
264,7,2026-03-01,13.01,30.7,21.5,61,1006.3,6.7,1.9,208,2026-03-10T00:19:59.223Z
265,7,2026-03-02,17.66,31.3,21.4,60,1007.5,7.3,0,212,2026-03-10T00:19:59.223Z
266,7,2026-03-03,24.7,31.7,20.1,55,1007.8,6,0,230,2026-03-10T00:19:59.223Z
267,7,2026-03-04,35.28,31.1,18,52,1008,6.9,0,222,2026-03-10T00:19:59.223Z
268,7,2026-03-05,36.03,30.5,19.5,55,1007.7,7.8,0,185,2026-03-10T00:19:59.223Z
269,7,2026-03-06,35.82,28.6,20.8,65,1009.8,7.3,0.9,112,2026-03-10T00:19:59.223Z
270,7,2026-03-07,24.43,29.5,21.1,63,1010.7,6,0,71,2026-03-10T00:19:59.223Z
271,7,2026-03-08,23.38,30.4,21.2,60,1010.4,5.8,0.2,176,2026-03-10T00:19:59.223Z
272,7,2026-03-09,27.21,31,20.1,57,1010.9,7.5,0,82,2026-03-10T00:19:59.223Z
273,8,2026-02-20,49.21,27.9,21.8,74,1012.1,6.3,0,17,2026-03-10T00:19:59.223Z
274,8,2026-02-21,42.32,27.2,23.2,81,1009.5,4.9,0.2,252,2026-03-10T00:19:59.223Z
275,8,2026-02-22,32.98,27.1,23.7,83,1008,4.3,3,194,2026-03-10T00:19:59.223Z
276,8,2026-02-23,27.62,27.3,23.5,81,1008.1,7.6,3.6,162,2026-03-10T00:19:59.223Z
277,8,2026-02-24,21.34,27.3,24,83,1009,6.5,1.8,166,2026-03-10T00:19:59.223Z
278,8,2026-02-25,23.01,27.5,23.6,81,1009.2,3.5,2,164,2026-03-10T00:19:59.223Z
279,8,2026-02-26,24.17,27,23.7,83,1008.1,5.1,1.3,214,2026-03-10T00:19:59.223Z
280,8,2026-02-27,21.59,27,23.6,82,1007.3,6.2,2.7,161,2026-03-10T00:19:59.223Z
281,8,2026-02-28,20.42,27.6,24.1,82,1007.1,7.8,7.1,168,2026-03-10T00:19:59.223Z
282,8,2026-03-01,11.07,27.6,24.2,82,1007.4,6.2,1.1,186,2026-03-10T00:19:59.223Z
283,8,2026-03-02,11.35,28.3,23.9,79,1008.4,4.9,0,202,2026-03-10T00:19:59.223Z
284,8,2026-03-03,15.69,28.5,24.5,81,1008.8,4.5,0,183,2026-03-10T00:19:59.223Z
285,8,2026-03-04,25.5,28.5,24.6,81,1008.9,6.4,0.4,174,2026-03-10T00:19:59.223Z
286,8,2026-03-05,28.65,28.2,23.2,76,1008.7,9,0.1,164,2026-03-10T00:19:59.223Z
287,8,2026-03-06,20.54,26.1,22.2,80,1010.4,6,5.8,111,2026-03-10T00:19:59.223Z
288,8,2026-03-07,19.37,26.8,22.3,78,1010.8,7.4,5.3,70,2026-03-10T00:19:59.223Z
289,8,2026-03-08,24.39,27.2,22.4,78,1010.9,4.4,0.4,252,2026-03-10T00:19:59.223Z
290,8,2026-03-09,29.35,27.7,22.3,77,1011.2,6.8,0.2,62,2026-03-10T00:19:59.223Z
291,9,2026-02-20,11.59,27.9,21.7,71,1007.4,11.9,0,86,2026-03-10T00:19:59.223Z
292,9,2026-02-21,11.88,27.8,21.2,71,1005.1,8.2,0,80,2026-03-10T00:19:59.223Z
293,9,2026-02-22,12.18,27.8,21.2,71,1003.7,7.8,0,11,2026-03-10T00:19:59.223Z
294,9,2026-02-23,16.78,28.4,22.6,73,1003.5,8.2,0,33,2026-03-10T00:19:59.223Z
295,9,2026-02-24,19.52,28,23.1,76,1004.2,7,3,12,2026-03-10T00:19:59.223Z
296,9,2026-02-25,17.75,28,23,77,1004.5,6.6,0.8,53,2026-03-10T00:19:59.223Z
297,9,2026-02-26,15.9,27.8,22.5,76,1003.9,5.9,1.7,184,2026-03-10T00:19:59.223Z
298,9,2026-02-27,15.53,27.4,23.4,81,1003,6.3,4.5,224,2026-03-10T00:19:59.223Z
299,9,2026-02-28,9.14,27.8,23,78,1002.9,6.4,0.6,222,2026-03-10T00:19:59.223Z
300,9,2026-03-01,9.8,28.5,23,76,1003.2,4.8,0,286,2026-03-10T00:19:59.223Z
301,9,2026-03-02,10.12,28.8,22.2,70,1004.5,4.9,0,347,2026-03-10T00:19:59.223Z
302,9,2026-03-03,11.31,29,22.3,70,1004.9,5,0,360,2026-03-10T00:19:59.223Z
303,9,2026-03-04,15.87,28.9,22,70,1005,4.8,0,3,2026-03-10T00:19:59.223Z
304,9,2026-03-05,21.14,28.3,21.5,69,1004.3,6.6,0,69,2026-03-10T00:19:59.223Z
305,9,2026-03-06,27,28.2,21.7,70,1005.3,8.6,0.5,69,2026-03-10T00:19:59.223Z
306,9,2026-03-07,13.6,27.4,21.5,72,1006.1,9.3,1.5,77,2026-03-10T00:19:59.223Z
307,9,2026-03-08,9.16,27.9,21.9,73,1006,8.7,0.1,83,2026-03-10T00:19:59.223Z
308,9,2026-03-09,12.18,28,21.7,72,1006.4,10,0,84,2026-03-10T00:19:59.223Z
309,10,2026-02-20,11.46,26.5,22.3,79,1012,15.2,2.1,115,2026-03-10T00:19:59.223Z
310,10,2026-02-21,11.31,26.8,22.3,77,1009.3,11.9,0.3,108,2026-03-10T00:19:59.223Z
311,10,2026-02-22,,26.2,22.3,81,1007.5,6.6,0,90,2026-03-10T00:19:59.223Z
312,10,2026-02-23,14.74,26.4,22.1,79,1007.6,8.8,0,98,2026-03-10T00:19:59.223Z
313,10,2026-02-24,17.95,26.9,22.9,80,1008.1,9,0,98,2026-03-10T00:19:59.223Z
314,10,2026-02-25,15.8,27.4,22.8,77,1008.4,9.7,0.1,89,2026-03-10T00:19:59.223Z
315,10,2026-02-26,14.23,27.3,22.6,77,1007.5,6.9,0,72,2026-03-10T00:19:59.223Z
316,10,2026-02-27,16.19,28.1,23.2,76,1006.6,7,2.2,353,2026-03-10T00:19:59.223Z
317,10,2026-02-28,11.55,27.4,23.7,82,1006.6,6.9,3.3,8,2026-03-10T00:19:59.223Z
318,10,2026-03-01,10.67,27.6,23.8,82,1006.8,6.8,2.9,26,2026-03-10T00:19:59.223Z
319,10,2026-03-02,10.14,28.2,24.2,81,1008.1,6.6,0.2,42,2026-03-10T00:19:59.223Z
320,10,2026-03-03,10.86,28.5,24,78,1008.6,6.8,0.1,29,2026-03-10T00:19:59.223Z
321,10,2026-03-04,14.77,28.8,23.7,76,1008.5,8,0.4,12,2026-03-10T00:19:59.223Z
322,10,2026-03-05,17.78,27.6,23.4,79,1008.1,7.4,2.1,47,2026-03-10T00:19:59.223Z
323,10,2026-03-06,19.43,27.5,23,78,1008.9,8.8,0.9,93,2026-03-10T00:19:59.223Z
324,10,2026-03-07,11.45,27.5,22.2,75,1009.8,11.6,0.3,97,2026-03-10T00:19:59.223Z
325,10,2026-03-08,9.65,27.8,22.5,74,1009.9,13.8,0.8,102,2026-03-10T00:19:59.223Z
326,10,2026-03-09,12.2,27.8,21.7,71,1010.5,12.6,0.3,108,2026-03-10T00:19:59.223Z
